serial,paralelo
0.434,0.170283
0.447,0.171415
0.435,0.19545